{
    "albedoPath" : "Textures/white.wtex",
    "metallic" : 1.000000,
    "roughness" : 0.100000,
    "albedoColor" : [1.000000, 1.000000, 1.000000]
}
