{
    "albedoPath" : "Textures/chromium mask.png",
    "metallic" : 0.000000,
    "roughness" : 1.000000,
    "albedoColor" : [1.000000, 1.000000, 1.000000],
    "emissiveColor" : [0.000001, 0.000001, 0.000001]
}
